"date","value","topic","variable_short","variable_long","location","unit","source","update","public","description"
2019-08-01,1850,"Mobilität","oev_freq_hb","Ein-& Ausfahrten am Zürich HB","Zürich Hauptbahnhof","Anzahl","SBB","täglich","ja","https://github.com/statistikZH/covid19monitoring_mobility_SBBHauptbahnhof"
2019-08-02,1933,"Mobilität","oev_freq_hb","Ein-& Ausfahrten am Zürich HB","Zürich Hauptbahnhof","Anzahl","SBB","täglich","ja","https://github.com/statistikZH/covid19monitoring_mobility_SBBHauptbahnhof"
2019-08-03,1866,"Mobilität","oev_freq_hb","Ein-& Ausfahrten am Zürich HB","Zürich Hauptbahnhof","Anzahl","SBB","täglich","ja","https://github.com/statistikZH/covid19monitoring_mobility_SBBHauptbahnhof"
2019-08-05,1899,"Mobilität","oev_freq_hb","Ein-& Ausfahrten am Zürich HB","Zürich Hauptbahnhof","Anzahl","SBB","täglich","ja","https://github.com/statistikZH/covid19monitoring_mobility_SBBHauptbahnhof"
2019-08-06,1913,"Mobilität","oev_freq_hb","Ein-& Ausfahrten am Zürich HB","Zürich Hauptbahnhof","Anzahl","SBB","täglich","ja","https://github.com/statistikZH/covid19monitoring_mobility_SBBHauptbahnhof"
2019-08-07,1908,"Mobilität","oev_freq_hb","Ein-& Ausfahrten am Zürich HB","Zürich Hauptbahnhof","Anzahl","SBB","täglich","ja","https://github.com/statistikZH/covid19monitoring_mobility_SBBHauptbahnhof"
2019-08-08,1908,"Mobilität","oev_freq_hb","Ein-& Ausfahrten am Zürich HB","Zürich Hauptbahnhof","Anzahl","SBB","täglich","ja","https://github.com/statistikZH/covid19monitoring_mobility_SBBHauptbahnhof"
2019-08-09,1915,"Mobilität","oev_freq_hb","Ein-& Ausfahrten am Zürich HB","Zürich Hauptbahnhof","Anzahl","SBB","täglich","ja","https://github.com/statistikZH/covid19monitoring_mobility_SBBHauptbahnhof"
2019-08-10,1863,"Mobilität","oev_freq_hb","Ein-& Ausfahrten am Zürich HB","Zürich Hauptbahnhof","Anzahl","SBB","täglich","ja","https://github.com/statistikZH/covid19monitoring_mobility_SBBHauptbahnhof"
2019-08-11,1881,"Mobilität","oev_freq_hb","Ein-& Ausfahrten am Zürich HB","Zürich Hauptbahnhof","Anzahl","SBB","täglich","ja","https://github.com/statistikZH/covid19monitoring_mobility_SBBHauptbahnhof"
2019-08-12,1947,"Mobilität","oev_freq_hb","Ein-& Ausfahrten am Zürich HB","Zürich Hauptbahnhof","Anzahl","SBB","täglich","ja","https://github.com/statistikZH/covid19monitoring_mobility_SBBHauptbahnhof"
2019-08-13,1940,"Mobilität","oev_freq_hb","Ein-& Ausfahrten am Zürich HB","Zürich Hauptbahnhof","Anzahl","SBB","täglich","ja","https://github.com/statistikZH/covid19monitoring_mobility_SBBHauptbahnhof"
2019-08-14,1941,"Mobilität","oev_freq_hb","Ein-& Ausfahrten am Zürich HB","Zürich Hauptbahnhof","Anzahl","SBB","täglich","ja","https://github.com/statistikZH/covid19monitoring_mobility_SBBHauptbahnhof"
2019-08-15,1946,"Mobilität","oev_freq_hb","Ein-& Ausfahrten am Zürich HB","Zürich Hauptbahnhof","Anzahl","SBB","täglich","ja","https://github.com/statistikZH/covid19monitoring_mobility_SBBHauptbahnhof"
2019-08-16,1932,"Mobilität","oev_freq_hb","Ein-& Ausfahrten am Zürich HB","Zürich Hauptbahnhof","Anzahl","SBB","täglich","ja","https://github.com/statistikZH/covid19monitoring_mobility_SBBHauptbahnhof"
2019-08-17,1879,"Mobilität","oev_freq_hb","Ein-& Ausfahrten am Zürich HB","Zürich Hauptbahnhof","Anzahl","SBB","täglich","ja","https://github.com/statistikZH/covid19monitoring_mobility_SBBHauptbahnhof"
2019-08-18,1891,"Mobilität","oev_freq_hb","Ein-& Ausfahrten am Zürich HB","Zürich Hauptbahnhof","Anzahl","SBB","täglich","ja","https://github.com/statistikZH/covid19monitoring_mobility_SBBHauptbahnhof"
2019-08-19,1961,"Mobilität","oev_freq_hb","Ein-& Ausfahrten am Zürich HB","Zürich Hauptbahnhof","Anzahl","SBB","täglich","ja","https://github.com/statistikZH/covid19monitoring_mobility_SBBHauptbahnhof"
2019-08-20,1948,"Mobilität","oev_freq_hb","Ein-& Ausfahrten am Zürich HB","Zürich Hauptbahnhof","Anzahl","SBB","täglich","ja","https://github.com/statistikZH/covid19monitoring_mobility_SBBHauptbahnhof"
2019-08-21,1921,"Mobilität","oev_freq_hb","Ein-& Ausfahrten am Zürich HB","Zürich Hauptbahnhof","Anzahl","SBB","täglich","ja","https://github.com/statistikZH/covid19monitoring_mobility_SBBHauptbahnhof"
2019-08-22,1932,"Mobilität","oev_freq_hb","Ein-& Ausfahrten am Zürich HB","Zürich Hauptbahnhof","Anzahl","SBB","täglich","ja","https://github.com/statistikZH/covid19monitoring_mobility_SBBHauptbahnhof"
2019-08-23,1954,"Mobilität","oev_freq_hb","Ein-& Ausfahrten am Zürich HB","Zürich Hauptbahnhof","Anzahl","SBB","täglich","ja","https://github.com/statistikZH/covid19monitoring_mobility_SBBHauptbahnhof"
2019-08-24,1913,"Mobilität","oev_freq_hb","Ein-& Ausfahrten am Zürich HB","Zürich Hauptbahnhof","Anzahl","SBB","täglich","ja","https://github.com/statistikZH/covid19monitoring_mobility_SBBHauptbahnhof"
2019-08-25,1917,"Mobilität","oev_freq_hb","Ein-& Ausfahrten am Zürich HB","Zürich Hauptbahnhof","Anzahl","SBB","täglich","ja","https://github.com/statistikZH/covid19monitoring_mobility_SBBHauptbahnhof"
2019-08-26,1925,"Mobilität","oev_freq_hb","Ein-& Ausfahrten am Zürich HB","Zürich Hauptbahnhof","Anzahl","SBB","täglich","ja","https://github.com/statistikZH/covid19monitoring_mobility_SBBHauptbahnhof"
2019-08-27,1927,"Mobilität","oev_freq_hb","Ein-& Ausfahrten am Zürich HB","Zürich Hauptbahnhof","Anzahl","SBB","täglich","ja","https://github.com/statistikZH/covid19monitoring_mobility_SBBHauptbahnhof"
2019-08-28,1929,"Mobilität","oev_freq_hb","Ein-& Ausfahrten am Zürich HB","Zürich Hauptbahnhof","Anzahl","SBB","täglich","ja","https://github.com/statistikZH/covid19monitoring_mobility_SBBHauptbahnhof"
2019-08-29,1925,"Mobilität","oev_freq_hb","Ein-& Ausfahrten am Zürich HB","Zürich Hauptbahnhof","Anzahl","SBB","täglich","ja","https://github.com/statistikZH/covid19monitoring_mobility_SBBHauptbahnhof"
2019-08-30,1942,"Mobilität","oev_freq_hb","Ein-& Ausfahrten am Zürich HB","Zürich Hauptbahnhof","Anzahl","SBB","täglich","ja","https://github.com/statistikZH/covid19monitoring_mobility_SBBHauptbahnhof"
2019-08-31,1880,"Mobilität","oev_freq_hb","Ein-& Ausfahrten am Zürich HB","Zürich Hauptbahnhof","Anzahl","SBB","täglich","ja","https://github.com/statistikZH/covid19monitoring_mobility_SBBHauptbahnhof"
2019-09-01,1875,"Mobilität","oev_freq_hb","Ein-& Ausfahrten am Zürich HB","Zürich Hauptbahnhof","Anzahl","SBB","täglich","ja","https://github.com/statistikZH/covid19monitoring_mobility_SBBHauptbahnhof"
2019-09-02,1926,"Mobilität","oev_freq_hb","Ein-& Ausfahrten am Zürich HB","Zürich Hauptbahnhof","Anzahl","SBB","täglich","ja","https://github.com/statistikZH/covid19monitoring_mobility_SBBHauptbahnhof"
2019-09-03,1928,"Mobilität","oev_freq_hb","Ein-& Ausfahrten am Zürich HB","Zürich Hauptbahnhof","Anzahl","SBB","täglich","ja","https://github.com/statistikZH/covid19monitoring_mobility_SBBHauptbahnhof"
2019-09-05,1919,"Mobilität","oev_freq_hb","Ein-& Ausfahrten am Zürich HB","Zürich Hauptbahnhof","Anzahl","SBB","täglich","ja","https://github.com/statistikZH/covid19monitoring_mobility_SBBHauptbahnhof"
2019-09-06,1934,"Mobilität","oev_freq_hb","Ein-& Ausfahrten am Zürich HB","Zürich Hauptbahnhof","Anzahl","SBB","täglich","ja","https://github.com/statistikZH/covid19monitoring_mobility_SBBHauptbahnhof"
2019-09-07,1882,"Mobilität","oev_freq_hb","Ein-& Ausfahrten am Zürich HB","Zürich Hauptbahnhof","Anzahl","SBB","täglich","ja","https://github.com/statistikZH/covid19monitoring_mobility_SBBHauptbahnhof"
2019-09-08,1874,"Mobilität","oev_freq_hb","Ein-& Ausfahrten am Zürich HB","Zürich Hauptbahnhof","Anzahl","SBB","täglich","ja","https://github.com/statistikZH/covid19monitoring_mobility_SBBHauptbahnhof"
2019-09-09,1925,"Mobilität","oev_freq_hb","Ein-& Ausfahrten am Zürich HB","Zürich Hauptbahnhof","Anzahl","SBB","täglich","ja","https://github.com/statistikZH/covid19monitoring_mobility_SBBHauptbahnhof"
2019-09-10,1923,"Mobilität","oev_freq_hb","Ein-& Ausfahrten am Zürich HB","Zürich Hauptbahnhof","Anzahl","SBB","täglich","ja","https://github.com/statistikZH/covid19monitoring_mobility_SBBHauptbahnhof"
2019-09-11,1925,"Mobilität","oev_freq_hb","Ein-& Ausfahrten am Zürich HB","Zürich Hauptbahnhof","Anzahl","SBB","täglich","ja","https://github.com/statistikZH/covid19monitoring_mobility_SBBHauptbahnhof"
2019-09-12,1924,"Mobilität","oev_freq_hb","Ein-& Ausfahrten am Zürich HB","Zürich Hauptbahnhof","Anzahl","SBB","täglich","ja","https://github.com/statistikZH/covid19monitoring_mobility_SBBHauptbahnhof"
2019-09-13,1950,"Mobilität","oev_freq_hb","Ein-& Ausfahrten am Zürich HB","Zürich Hauptbahnhof","Anzahl","SBB","täglich","ja","https://github.com/statistikZH/covid19monitoring_mobility_SBBHauptbahnhof"
2019-09-14,1903,"Mobilität","oev_freq_hb","Ein-& Ausfahrten am Zürich HB","Zürich Hauptbahnhof","Anzahl","SBB","täglich","ja","https://github.com/statistikZH/covid19monitoring_mobility_SBBHauptbahnhof"
2019-09-15,1877,"Mobilität","oev_freq_hb","Ein-& Ausfahrten am Zürich HB","Zürich Hauptbahnhof","Anzahl","SBB","täglich","ja","https://github.com/statistikZH/covid19monitoring_mobility_SBBHauptbahnhof"
2019-09-16,1921,"Mobilität","oev_freq_hb","Ein-& Ausfahrten am Zürich HB","Zürich Hauptbahnhof","Anzahl","SBB","täglich","ja","https://github.com/statistikZH/covid19monitoring_mobility_SBBHauptbahnhof"
2019-09-17,1923,"Mobilität","oev_freq_hb","Ein-& Ausfahrten am Zürich HB","Zürich Hauptbahnhof","Anzahl","SBB","täglich","ja","https://github.com/statistikZH/covid19monitoring_mobility_SBBHauptbahnhof"
2019-09-18,1937,"Mobilität","oev_freq_hb","Ein-& Ausfahrten am Zürich HB","Zürich Hauptbahnhof","Anzahl","SBB","täglich","ja","https://github.com/statistikZH/covid19monitoring_mobility_SBBHauptbahnhof"
2019-09-19,1930,"Mobilität","oev_freq_hb","Ein-& Ausfahrten am Zürich HB","Zürich Hauptbahnhof","Anzahl","SBB","täglich","ja","https://github.com/statistikZH/covid19monitoring_mobility_SBBHauptbahnhof"
2019-09-20,1944,"Mobilität","oev_freq_hb","Ein-& Ausfahrten am Zürich HB","Zürich Hauptbahnhof","Anzahl","SBB","täglich","ja","https://github.com/statistikZH/covid19monitoring_mobility_SBBHauptbahnhof"
2019-09-21,1892,"Mobilität","oev_freq_hb","Ein-& Ausfahrten am Zürich HB","Zürich Hauptbahnhof","Anzahl","SBB","täglich","ja","https://github.com/statistikZH/covid19monitoring_mobility_SBBHauptbahnhof"
2019-09-23,1929,"Mobilität","oev_freq_hb","Ein-& Ausfahrten am Zürich HB","Zürich Hauptbahnhof","Anzahl","SBB","täglich","ja","https://github.com/statistikZH/covid19monitoring_mobility_SBBHauptbahnhof"
2019-09-24,1929,"Mobilität","oev_freq_hb","Ein-& Ausfahrten am Zürich HB","Zürich Hauptbahnhof","Anzahl","SBB","täglich","ja","https://github.com/statistikZH/covid19monitoring_mobility_SBBHauptbahnhof"
2019-09-25,1941,"Mobilität","oev_freq_hb","Ein-& Ausfahrten am Zürich HB","Zürich Hauptbahnhof","Anzahl","SBB","täglich","ja","https://github.com/statistikZH/covid19monitoring_mobility_SBBHauptbahnhof"
2019-09-26,1927,"Mobilität","oev_freq_hb","Ein-& Ausfahrten am Zürich HB","Zürich Hauptbahnhof","Anzahl","SBB","täglich","ja","https://github.com/statistikZH/covid19monitoring_mobility_SBBHauptbahnhof"
2019-09-27,1948,"Mobilität","oev_freq_hb","Ein-& Ausfahrten am Zürich HB","Zürich Hauptbahnhof","Anzahl","SBB","täglich","ja","https://github.com/statistikZH/covid19monitoring_mobility_SBBHauptbahnhof"
2019-09-28,1912,"Mobilität","oev_freq_hb","Ein-& Ausfahrten am Zürich HB","Zürich Hauptbahnhof","Anzahl","SBB","täglich","ja","https://github.com/statistikZH/covid19monitoring_mobility_SBBHauptbahnhof"
2019-09-29,1893,"Mobilität","oev_freq_hb","Ein-& Ausfahrten am Zürich HB","Zürich Hauptbahnhof","Anzahl","SBB","täglich","ja","https://github.com/statistikZH/covid19monitoring_mobility_SBBHauptbahnhof"
2019-09-30,1925,"Mobilität","oev_freq_hb","Ein-& Ausfahrten am Zürich HB","Zürich Hauptbahnhof","Anzahl","SBB","täglich","ja","https://github.com/statistikZH/covid19monitoring_mobility_SBBHauptbahnhof"
2019-10-01,1929,"Mobilität","oev_freq_hb","Ein-& Ausfahrten am Zürich HB","Zürich Hauptbahnhof","Anzahl","SBB","täglich","ja","https://github.com/statistikZH/covid19monitoring_mobility_SBBHauptbahnhof"
2019-10-02,1926,"Mobilität","oev_freq_hb","Ein-& Ausfahrten am Zürich HB","Zürich Hauptbahnhof","Anzahl","SBB","täglich","ja","https://github.com/statistikZH/covid19monitoring_mobility_SBBHauptbahnhof"
2019-10-03,1923,"Mobilität","oev_freq_hb","Ein-& Ausfahrten am Zürich HB","Zürich Hauptbahnhof","Anzahl","SBB","täglich","ja","https://github.com/statistikZH/covid19monitoring_mobility_SBBHauptbahnhof"
2019-10-04,1943,"Mobilität","oev_freq_hb","Ein-& Ausfahrten am Zürich HB","Zürich Hauptbahnhof","Anzahl","SBB","täglich","ja","https://github.com/statistikZH/covid19monitoring_mobility_SBBHauptbahnhof"
2019-10-05,1909,"Mobilität","oev_freq_hb","Ein-& Ausfahrten am Zürich HB","Zürich Hauptbahnhof","Anzahl","SBB","täglich","ja","https://github.com/statistikZH/covid19monitoring_mobility_SBBHauptbahnhof"
2019-10-06,1898,"Mobilität","oev_freq_hb","Ein-& Ausfahrten am Zürich HB","Zürich Hauptbahnhof","Anzahl","SBB","täglich","ja","https://github.com/statistikZH/covid19monitoring_mobility_SBBHauptbahnhof"
2019-10-07,1931,"Mobilität","oev_freq_hb","Ein-& Ausfahrten am Zürich HB","Zürich Hauptbahnhof","Anzahl","SBB","täglich","ja","https://github.com/statistikZH/covid19monitoring_mobility_SBBHauptbahnhof"
2019-10-08,1930,"Mobilität","oev_freq_hb","Ein-& Ausfahrten am Zürich HB","Zürich Hauptbahnhof","Anzahl","SBB","täglich","ja","https://github.com/statistikZH/covid19monitoring_mobility_SBBHauptbahnhof"
2019-10-09,1933,"Mobilität","oev_freq_hb","Ein-& Ausfahrten am Zürich HB","Zürich Hauptbahnhof","Anzahl","SBB","täglich","ja","https://github.com/statistikZH/covid19monitoring_mobility_SBBHauptbahnhof"
2019-10-10,1928,"Mobilität","oev_freq_hb","Ein-& Ausfahrten am Zürich HB","Zürich Hauptbahnhof","Anzahl","SBB","täglich","ja","https://github.com/statistikZH/covid19monitoring_mobility_SBBHauptbahnhof"
2019-10-11,1948,"Mobilität","oev_freq_hb","Ein-& Ausfahrten am Zürich HB","Zürich Hauptbahnhof","Anzahl","SBB","täglich","ja","https://github.com/statistikZH/covid19monitoring_mobility_SBBHauptbahnhof"
2019-10-12,1889,"Mobilität","oev_freq_hb","Ein-& Ausfahrten am Zürich HB","Zürich Hauptbahnhof","Anzahl","SBB","täglich","ja","https://github.com/statistikZH/covid19monitoring_mobility_SBBHauptbahnhof"
2019-10-13,1872,"Mobilität","oev_freq_hb","Ein-& Ausfahrten am Zürich HB","Zürich Hauptbahnhof","Anzahl","SBB","täglich","ja","https://github.com/statistikZH/covid19monitoring_mobility_SBBHauptbahnhof"
2019-10-14,1925,"Mobilität","oev_freq_hb","Ein-& Ausfahrten am Zürich HB","Zürich Hauptbahnhof","Anzahl","SBB","täglich","ja","https://github.com/statistikZH/covid19monitoring_mobility_SBBHauptbahnhof"
2019-10-15,1929,"Mobilität","oev_freq_hb","Ein-& Ausfahrten am Zürich HB","Zürich Hauptbahnhof","Anzahl","SBB","täglich","ja","https://github.com/statistikZH/covid19monitoring_mobility_SBBHauptbahnhof"
2019-10-16,1928,"Mobilität","oev_freq_hb","Ein-& Ausfahrten am Zürich HB","Zürich Hauptbahnhof","Anzahl","SBB","täglich","ja","https://github.com/statistikZH/covid19monitoring_mobility_SBBHauptbahnhof"
2019-10-17,1926,"Mobilität","oev_freq_hb","Ein-& Ausfahrten am Zürich HB","Zürich Hauptbahnhof","Anzahl","SBB","täglich","ja","https://github.com/statistikZH/covid19monitoring_mobility_SBBHauptbahnhof"
2019-10-18,1943,"Mobilität","oev_freq_hb","Ein-& Ausfahrten am Zürich HB","Zürich Hauptbahnhof","Anzahl","SBB","täglich","ja","https://github.com/statistikZH/covid19monitoring_mobility_SBBHauptbahnhof"
2019-10-19,1891,"Mobilität","oev_freq_hb","Ein-& Ausfahrten am Zürich HB","Zürich Hauptbahnhof","Anzahl","SBB","täglich","ja","https://github.com/statistikZH/covid19monitoring_mobility_SBBHauptbahnhof"
2019-10-20,1879,"Mobilität","oev_freq_hb","Ein-& Ausfahrten am Zürich HB","Zürich Hauptbahnhof","Anzahl","SBB","täglich","ja","https://github.com/statistikZH/covid19monitoring_mobility_SBBHauptbahnhof"
2019-10-21,1948,"Mobilität","oev_freq_hb","Ein-& Ausfahrten am Zürich HB","Zürich Hauptbahnhof","Anzahl","SBB","täglich","ja","https://github.com/statistikZH/covid19monitoring_mobility_SBBHauptbahnhof"
2019-10-22,1956,"Mobilität","oev_freq_hb","Ein-& Ausfahrten am Zürich HB","Zürich Hauptbahnhof","Anzahl","SBB","täglich","ja","https://github.com/statistikZH/covid19monitoring_mobility_SBBHauptbahnhof"
2019-10-23,1946,"Mobilität","oev_freq_hb","Ein-& Ausfahrten am Zürich HB","Zürich Hauptbahnhof","Anzahl","SBB","täglich","ja","https://github.com/statistikZH/covid19monitoring_mobility_SBBHauptbahnhof"
2019-10-24,1948,"Mobilität","oev_freq_hb","Ein-& Ausfahrten am Zürich HB","Zürich Hauptbahnhof","Anzahl","SBB","täglich","ja","https://github.com/statistikZH/covid19monitoring_mobility_SBBHauptbahnhof"
2019-10-25,1960,"Mobilität","oev_freq_hb","Ein-& Ausfahrten am Zürich HB","Zürich Hauptbahnhof","Anzahl","SBB","täglich","ja","https://github.com/statistikZH/covid19monitoring_mobility_SBBHauptbahnhof"
2019-10-26,1950,"Mobilität","oev_freq_hb","Ein-& Ausfahrten am Zürich HB","Zürich Hauptbahnhof","Anzahl","SBB","täglich","ja","https://github.com/statistikZH/covid19monitoring_mobility_SBBHauptbahnhof"
2019-10-27,1962,"Mobilität","oev_freq_hb","Ein-& Ausfahrten am Zürich HB","Zürich Hauptbahnhof","Anzahl","SBB","täglich","ja","https://github.com/statistikZH/covid19monitoring_mobility_SBBHauptbahnhof"
2019-10-28,1952,"Mobilität","oev_freq_hb","Ein-& Ausfahrten am Zürich HB","Zürich Hauptbahnhof","Anzahl","SBB","täglich","ja","https://github.com/statistikZH/covid19monitoring_mobility_SBBHauptbahnhof"
2019-10-29,1940,"Mobilität","oev_freq_hb","Ein-& Ausfahrten am Zürich HB","Zürich Hauptbahnhof","Anzahl","SBB","täglich","ja","https://github.com/statistikZH/covid19monitoring_mobility_SBBHauptbahnhof"
2019-10-30,1946,"Mobilität","oev_freq_hb","Ein-& Ausfahrten am Zürich HB","Zürich Hauptbahnhof","Anzahl","SBB","täglich","ja","https://github.com/statistikZH/covid19monitoring_mobility_SBBHauptbahnhof"
2019-10-31,1949,"Mobilität","oev_freq_hb","Ein-& Ausfahrten am Zürich HB","Zürich Hauptbahnhof","Anzahl","SBB","täglich","ja","https://github.com/statistikZH/covid19monitoring_mobility_SBBHauptbahnhof"
2019-11-01,1953,"Mobilität","oev_freq_hb","Ein-& Ausfahrten am Zürich HB","Zürich Hauptbahnhof","Anzahl","SBB","täglich","ja","https://github.com/statistikZH/covid19monitoring_mobility_SBBHauptbahnhof"
2019-11-02,1904,"Mobilität","oev_freq_hb","Ein-& Ausfahrten am Zürich HB","Zürich Hauptbahnhof","Anzahl","SBB","täglich","ja","https://github.com/statistikZH/covid19monitoring_mobility_SBBHauptbahnhof"
2019-11-03,1892,"Mobilität","oev_freq_hb","Ein-& Ausfahrten am Zürich HB","Zürich Hauptbahnhof","Anzahl","SBB","täglich","ja","https://github.com/statistikZH/covid19monitoring_mobility_SBBHauptbahnhof"
2019-11-04,1947,"Mobilität","oev_freq_hb","Ein-& Ausfahrten am Zürich HB","Zürich Hauptbahnhof","Anzahl","SBB","täglich","ja","https://github.com/statistikZH/covid19monitoring_mobility_SBBHauptbahnhof"
2019-11-05,1947,"Mobilität","oev_freq_hb","Ein-& Ausfahrten am Zürich HB","Zürich Hauptbahnhof","Anzahl","SBB","täglich","ja","https://github.com/statistikZH/covid19monitoring_mobility_SBBHauptbahnhof"
2019-11-06,1930,"Mobilität","oev_freq_hb","Ein-& Ausfahrten am Zürich HB","Zürich Hauptbahnhof","Anzahl","SBB","täglich","ja","https://github.com/statistikZH/covid19monitoring_mobility_SBBHauptbahnhof"
2019-11-07,1954,"Mobilität","oev_freq_hb","Ein-& Ausfahrten am Zürich HB","Zürich Hauptbahnhof","Anzahl","SBB","täglich","ja","https://github.com/statistikZH/covid19monitoring_mobility_SBBHauptbahnhof"
2019-11-08,1959,"Mobilität","oev_freq_hb","Ein-& Ausfahrten am Zürich HB","Zürich Hauptbahnhof","Anzahl","SBB","täglich","ja","https://github.com/statistikZH/covid19monitoring_mobility_SBBHauptbahnhof"
2019-11-09,1901,"Mobilität","oev_freq_hb","Ein-& Ausfahrten am Zürich HB","Zürich Hauptbahnhof","Anzahl","SBB","täglich","ja","https://github.com/statistikZH/covid19monitoring_mobility_SBBHauptbahnhof"
2019-11-10,1892,"Mobilität","oev_freq_hb","Ein-& Ausfahrten am Zürich HB","Zürich Hauptbahnhof","Anzahl","SBB","täglich","ja","https://github.com/statistikZH/covid19monitoring_mobility_SBBHauptbahnhof"
2019-11-11,1950,"Mobilität","oev_freq_hb","Ein-& Ausfahrten am Zürich HB","Zürich Hauptbahnhof","Anzahl","SBB","täglich","ja","https://github.com/statistikZH/covid19monitoring_mobility_SBBHauptbahnhof"
2019-11-12,1948,"Mobilität","oev_freq_hb","Ein-& Ausfahrten am Zürich HB","Zürich Hauptbahnhof","Anzahl","SBB","täglich","ja","https://github.com/statistikZH/covid19monitoring_mobility_SBBHauptbahnhof"
2019-11-13,1952,"Mobilität","oev_freq_hb","Ein-& Ausfahrten am Zürich HB","Zürich Hauptbahnhof","Anzahl","SBB","täglich","ja","https://github.com/statistikZH/covid19monitoring_mobility_SBBHauptbahnhof"
2019-11-14,1959,"Mobilität","oev_freq_hb","Ein-& Ausfahrten am Zürich HB","Zürich Hauptbahnhof","Anzahl","SBB","täglich","ja","https://github.com/statistikZH/covid19monitoring_mobility_SBBHauptbahnhof"
2019-11-15,1970,"Mobilität","oev_freq_hb","Ein-& Ausfahrten am Zürich HB","Zürich Hauptbahnhof","Anzahl","SBB","täglich","ja","https://github.com/statistikZH/covid19monitoring_mobility_SBBHauptbahnhof"
2019-11-16,1904,"Mobilität","oev_freq_hb","Ein-& Ausfahrten am Zürich HB","Zürich Hauptbahnhof","Anzahl","SBB","täglich","ja","https://github.com/statistikZH/covid19monitoring_mobility_SBBHauptbahnhof"
2019-11-17,1890,"Mobilität","oev_freq_hb","Ein-& Ausfahrten am Zürich HB","Zürich Hauptbahnhof","Anzahl","SBB","täglich","ja","https://github.com/statistikZH/covid19monitoring_mobility_SBBHauptbahnhof"
2019-11-18,1937,"Mobilität","oev_freq_hb","Ein-& Ausfahrten am Zürich HB","Zürich Hauptbahnhof","Anzahl","SBB","täglich","ja","https://github.com/statistikZH/covid19monitoring_mobility_SBBHauptbahnhof"
2019-11-19,1954,"Mobilität","oev_freq_hb","Ein-& Ausfahrten am Zürich HB","Zürich Hauptbahnhof","Anzahl","SBB","täglich","ja","https://github.com/statistikZH/covid19monitoring_mobility_SBBHauptbahnhof"
2019-11-20,1953,"Mobilität","oev_freq_hb","Ein-& Ausfahrten am Zürich HB","Zürich Hauptbahnhof","Anzahl","SBB","täglich","ja","https://github.com/statistikZH/covid19monitoring_mobility_SBBHauptbahnhof"
2019-11-21,1945,"Mobilität","oev_freq_hb","Ein-& Ausfahrten am Zürich HB","Zürich Hauptbahnhof","Anzahl","SBB","täglich","ja","https://github.com/statistikZH/covid19monitoring_mobility_SBBHauptbahnhof"
2019-11-22,1965,"Mobilität","oev_freq_hb","Ein-& Ausfahrten am Zürich HB","Zürich Hauptbahnhof","Anzahl","SBB","täglich","ja","https://github.com/statistikZH/covid19monitoring_mobility_SBBHauptbahnhof"
2019-11-23,1898,"Mobilität","oev_freq_hb","Ein-& Ausfahrten am Zürich HB","Zürich Hauptbahnhof","Anzahl","SBB","täglich","ja","https://github.com/statistikZH/covid19monitoring_mobility_SBBHauptbahnhof"
2019-11-24,1894,"Mobilität","oev_freq_hb","Ein-& Ausfahrten am Zürich HB","Zürich Hauptbahnhof","Anzahl","SBB","täglich","ja","https://github.com/statistikZH/covid19monitoring_mobility_SBBHauptbahnhof"
2019-11-25,1950,"Mobilität","oev_freq_hb","Ein-& Ausfahrten am Zürich HB","Zürich Hauptbahnhof","Anzahl","SBB","täglich","ja","https://github.com/statistikZH/covid19monitoring_mobility_SBBHauptbahnhof"
2019-11-26,1933,"Mobilität","oev_freq_hb","Ein-& Ausfahrten am Zürich HB","Zürich Hauptbahnhof","Anzahl","SBB","täglich","ja","https://github.com/statistikZH/covid19monitoring_mobility_SBBHauptbahnhof"
2019-11-27,1935,"Mobilität","oev_freq_hb","Ein-& Ausfahrten am Zürich HB","Zürich Hauptbahnhof","Anzahl","SBB","täglich","ja","https://github.com/statistikZH/covid19monitoring_mobility_SBBHauptbahnhof"
2019-11-28,1936,"Mobilität","oev_freq_hb","Ein-& Ausfahrten am Zürich HB","Zürich Hauptbahnhof","Anzahl","SBB","täglich","ja","https://github.com/statistikZH/covid19monitoring_mobility_SBBHauptbahnhof"
2019-11-29,1966,"Mobilität","oev_freq_hb","Ein-& Ausfahrten am Zürich HB","Zürich Hauptbahnhof","Anzahl","SBB","täglich","ja","https://github.com/statistikZH/covid19monitoring_mobility_SBBHauptbahnhof"
2019-11-30,1925,"Mobilität","oev_freq_hb","Ein-& Ausfahrten am Zürich HB","Zürich Hauptbahnhof","Anzahl","SBB","täglich","ja","https://github.com/statistikZH/covid19monitoring_mobility_SBBHauptbahnhof"
2019-12-01,1909,"Mobilität","oev_freq_hb","Ein-& Ausfahrten am Zürich HB","Zürich Hauptbahnhof","Anzahl","SBB","täglich","ja","https://github.com/statistikZH/covid19monitoring_mobility_SBBHauptbahnhof"
2019-12-02,1945,"Mobilität","oev_freq_hb","Ein-& Ausfahrten am Zürich HB","Zürich Hauptbahnhof","Anzahl","SBB","täglich","ja","https://github.com/statistikZH/covid19monitoring_mobility_SBBHauptbahnhof"
2019-12-03,1943,"Mobilität","oev_freq_hb","Ein-& Ausfahrten am Zürich HB","Zürich Hauptbahnhof","Anzahl","SBB","täglich","ja","https://github.com/statistikZH/covid19monitoring_mobility_SBBHauptbahnhof"
2019-12-04,1949,"Mobilität","oev_freq_hb","Ein-& Ausfahrten am Zürich HB","Zürich Hauptbahnhof","Anzahl","SBB","täglich","ja","https://github.com/statistikZH/covid19monitoring_mobility_SBBHauptbahnhof"
2019-12-05,1949,"Mobilität","oev_freq_hb","Ein-& Ausfahrten am Zürich HB","Zürich Hauptbahnhof","Anzahl","SBB","täglich","ja","https://github.com/statistikZH/covid19monitoring_mobility_SBBHauptbahnhof"
2019-12-06,1962,"Mobilität","oev_freq_hb","Ein-& Ausfahrten am Zürich HB","Zürich Hauptbahnhof","Anzahl","SBB","täglich","ja","https://github.com/statistikZH/covid19monitoring_mobility_SBBHauptbahnhof"
2019-12-07,1907,"Mobilität","oev_freq_hb","Ein-& Ausfahrten am Zürich HB","Zürich Hauptbahnhof","Anzahl","SBB","täglich","ja","https://github.com/statistikZH/covid19monitoring_mobility_SBBHauptbahnhof"
2019-12-08,1966,"Mobilität","oev_freq_hb","Ein-& Ausfahrten am Zürich HB","Zürich Hauptbahnhof","Anzahl","SBB","täglich","ja","https://github.com/statistikZH/covid19monitoring_mobility_SBBHauptbahnhof"
2019-12-09,1956,"Mobilität","oev_freq_hb","Ein-& Ausfahrten am Zürich HB","Zürich Hauptbahnhof","Anzahl","SBB","täglich","ja","https://github.com/statistikZH/covid19monitoring_mobility_SBBHauptbahnhof"
2019-12-10,1953,"Mobilität","oev_freq_hb","Ein-& Ausfahrten am Zürich HB","Zürich Hauptbahnhof","Anzahl","SBB","täglich","ja","https://github.com/statistikZH/covid19monitoring_mobility_SBBHauptbahnhof"
2019-12-11,1954,"Mobilität","oev_freq_hb","Ein-& Ausfahrten am Zürich HB","Zürich Hauptbahnhof","Anzahl","SBB","täglich","ja","https://github.com/statistikZH/covid19monitoring_mobility_SBBHauptbahnhof"
2019-12-12,1953,"Mobilität","oev_freq_hb","Ein-& Ausfahrten am Zürich HB","Zürich Hauptbahnhof","Anzahl","SBB","täglich","ja","https://github.com/statistikZH/covid19monitoring_mobility_SBBHauptbahnhof"
2019-12-13,1962,"Mobilität","oev_freq_hb","Ein-& Ausfahrten am Zürich HB","Zürich Hauptbahnhof","Anzahl","SBB","täglich","ja","https://github.com/statistikZH/covid19monitoring_mobility_SBBHauptbahnhof"
2019-12-14,1882,"Mobilität","oev_freq_hb","Ein-& Ausfahrten am Zürich HB","Zürich Hauptbahnhof","Anzahl","SBB","täglich","ja","https://github.com/statistikZH/covid19monitoring_mobility_SBBHauptbahnhof"
2019-12-15,1879,"Mobilität","oev_freq_hb","Ein-& Ausfahrten am Zürich HB","Zürich Hauptbahnhof","Anzahl","SBB","täglich","ja","https://github.com/statistikZH/covid19monitoring_mobility_SBBHauptbahnhof"
2019-12-16,1908,"Mobilität","oev_freq_hb","Ein-& Ausfahrten am Zürich HB","Zürich Hauptbahnhof","Anzahl","SBB","täglich","ja","https://github.com/statistikZH/covid19monitoring_mobility_SBBHauptbahnhof"
2019-12-17,1910,"Mobilität","oev_freq_hb","Ein-& Ausfahrten am Zürich HB","Zürich Hauptbahnhof","Anzahl","SBB","täglich","ja","https://github.com/statistikZH/covid19monitoring_mobility_SBBHauptbahnhof"
2019-12-18,1912,"Mobilität","oev_freq_hb","Ein-& Ausfahrten am Zürich HB","Zürich Hauptbahnhof","Anzahl","SBB","täglich","ja","https://github.com/statistikZH/covid19monitoring_mobility_SBBHauptbahnhof"
2019-12-19,1904,"Mobilität","oev_freq_hb","Ein-& Ausfahrten am Zürich HB","Zürich Hauptbahnhof","Anzahl","SBB","täglich","ja","https://github.com/statistikZH/covid19monitoring_mobility_SBBHauptbahnhof"
2019-12-20,1928,"Mobilität","oev_freq_hb","Ein-& Ausfahrten am Zürich HB","Zürich Hauptbahnhof","Anzahl","SBB","täglich","ja","https://github.com/statistikZH/covid19monitoring_mobility_SBBHauptbahnhof"
2019-12-21,1869,"Mobilität","oev_freq_hb","Ein-& Ausfahrten am Zürich HB","Zürich Hauptbahnhof","Anzahl","SBB","täglich","ja","https://github.com/statistikZH/covid19monitoring_mobility_SBBHauptbahnhof"
2019-12-22,1860,"Mobilität","oev_freq_hb","Ein-& Ausfahrten am Zürich HB","Zürich Hauptbahnhof","Anzahl","SBB","täglich","ja","https://github.com/statistikZH/covid19monitoring_mobility_SBBHauptbahnhof"
2019-12-23,1901,"Mobilität","oev_freq_hb","Ein-& Ausfahrten am Zürich HB","Zürich Hauptbahnhof","Anzahl","SBB","täglich","ja","https://github.com/statistikZH/covid19monitoring_mobility_SBBHauptbahnhof"
2019-12-24,1900,"Mobilität","oev_freq_hb","Ein-& Ausfahrten am Zürich HB","Zürich Hauptbahnhof","Anzahl","SBB","täglich","ja","https://github.com/statistikZH/covid19monitoring_mobility_SBBHauptbahnhof"
2019-12-25,1786,"Mobilität","oev_freq_hb","Ein-& Ausfahrten am Zürich HB","Zürich Hauptbahnhof","Anzahl","SBB","täglich","ja","https://github.com/statistikZH/covid19monitoring_mobility_SBBHauptbahnhof"
2019-12-26,1791,"Mobilität","oev_freq_hb","Ein-& Ausfahrten am Zürich HB","Zürich Hauptbahnhof","Anzahl","SBB","täglich","ja","https://github.com/statistikZH/covid19monitoring_mobility_SBBHauptbahnhof"
2019-12-27,1918,"Mobilität","oev_freq_hb","Ein-& Ausfahrten am Zürich HB","Zürich Hauptbahnhof","Anzahl","SBB","täglich","ja","https://github.com/statistikZH/covid19monitoring_mobility_SBBHauptbahnhof"
2019-12-28,1878,"Mobilität","oev_freq_hb","Ein-& Ausfahrten am Zürich HB","Zürich Hauptbahnhof","Anzahl","SBB","täglich","ja","https://github.com/statistikZH/covid19monitoring_mobility_SBBHauptbahnhof"
2019-12-29,1859,"Mobilität","oev_freq_hb","Ein-& Ausfahrten am Zürich HB","Zürich Hauptbahnhof","Anzahl","SBB","täglich","ja","https://github.com/statistikZH/covid19monitoring_mobility_SBBHauptbahnhof"
2019-12-30,1889,"Mobilität","oev_freq_hb","Ein-& Ausfahrten am Zürich HB","Zürich Hauptbahnhof","Anzahl","SBB","täglich","ja","https://github.com/statistikZH/covid19monitoring_mobility_SBBHauptbahnhof"
2019-12-31,1909,"Mobilität","oev_freq_hb","Ein-& Ausfahrten am Zürich HB","Zürich Hauptbahnhof","Anzahl","SBB","täglich","ja","https://github.com/statistikZH/covid19monitoring_mobility_SBBHauptbahnhof"
2020-01-01,1895,"Mobilität","oev_freq_hb","Ein-& Ausfahrten am Zürich HB","Zürich Hauptbahnhof","Anzahl","SBB","täglich","ja","https://github.com/statistikZH/covid19monitoring_mobility_SBBHauptbahnhof"
2020-01-02,1797,"Mobilität","oev_freq_hb","Ein-& Ausfahrten am Zürich HB","Zürich Hauptbahnhof","Anzahl","SBB","täglich","ja","https://github.com/statistikZH/covid19monitoring_mobility_SBBHauptbahnhof"
2020-01-03,1911,"Mobilität","oev_freq_hb","Ein-& Ausfahrten am Zürich HB","Zürich Hauptbahnhof","Anzahl","SBB","täglich","ja","https://github.com/statistikZH/covid19monitoring_mobility_SBBHauptbahnhof"
2020-01-04,1867,"Mobilität","oev_freq_hb","Ein-& Ausfahrten am Zürich HB","Zürich Hauptbahnhof","Anzahl","SBB","täglich","ja","https://github.com/statistikZH/covid19monitoring_mobility_SBBHauptbahnhof"
2020-01-05,1870,"Mobilität","oev_freq_hb","Ein-& Ausfahrten am Zürich HB","Zürich Hauptbahnhof","Anzahl","SBB","täglich","ja","https://github.com/statistikZH/covid19monitoring_mobility_SBBHauptbahnhof"
2020-01-06,1931,"Mobilität","oev_freq_hb","Ein-& Ausfahrten am Zürich HB","Zürich Hauptbahnhof","Anzahl","SBB","täglich","ja","https://github.com/statistikZH/covid19monitoring_mobility_SBBHauptbahnhof"
2020-01-07,1926,"Mobilität","oev_freq_hb","Ein-& Ausfahrten am Zürich HB","Zürich Hauptbahnhof","Anzahl","SBB","täglich","ja","https://github.com/statistikZH/covid19monitoring_mobility_SBBHauptbahnhof"
2020-01-08,1926,"Mobilität","oev_freq_hb","Ein-& Ausfahrten am Zürich HB","Zürich Hauptbahnhof","Anzahl","SBB","täglich","ja","https://github.com/statistikZH/covid19monitoring_mobility_SBBHauptbahnhof"
2020-01-09,1921,"Mobilität","oev_freq_hb","Ein-& Ausfahrten am Zürich HB","Zürich Hauptbahnhof","Anzahl","SBB","täglich","ja","https://github.com/statistikZH/covid19monitoring_mobility_SBBHauptbahnhof"
2020-01-10,1934,"Mobilität","oev_freq_hb","Ein-& Ausfahrten am Zürich HB","Zürich Hauptbahnhof","Anzahl","SBB","täglich","ja","https://github.com/statistikZH/covid19monitoring_mobility_SBBHauptbahnhof"
2020-01-11,1885,"Mobilität","oev_freq_hb","Ein-& Ausfahrten am Zürich HB","Zürich Hauptbahnhof","Anzahl","SBB","täglich","ja","https://github.com/statistikZH/covid19monitoring_mobility_SBBHauptbahnhof"
2020-01-12,1875,"Mobilität","oev_freq_hb","Ein-& Ausfahrten am Zürich HB","Zürich Hauptbahnhof","Anzahl","SBB","täglich","ja","https://github.com/statistikZH/covid19monitoring_mobility_SBBHauptbahnhof"
2020-01-13,1920,"Mobilität","oev_freq_hb","Ein-& Ausfahrten am Zürich HB","Zürich Hauptbahnhof","Anzahl","SBB","täglich","ja","https://github.com/statistikZH/covid19monitoring_mobility_SBBHauptbahnhof"
2020-01-14,1918,"Mobilität","oev_freq_hb","Ein-& Ausfahrten am Zürich HB","Zürich Hauptbahnhof","Anzahl","SBB","täglich","ja","https://github.com/statistikZH/covid19monitoring_mobility_SBBHauptbahnhof"
2020-01-15,1915,"Mobilität","oev_freq_hb","Ein-& Ausfahrten am Zürich HB","Zürich Hauptbahnhof","Anzahl","SBB","täglich","ja","https://github.com/statistikZH/covid19monitoring_mobility_SBBHauptbahnhof"
2020-01-16,1914,"Mobilität","oev_freq_hb","Ein-& Ausfahrten am Zürich HB","Zürich Hauptbahnhof","Anzahl","SBB","täglich","ja","https://github.com/statistikZH/covid19monitoring_mobility_SBBHauptbahnhof"
2020-01-17,1935,"Mobilität","oev_freq_hb","Ein-& Ausfahrten am Zürich HB","Zürich Hauptbahnhof","Anzahl","SBB","täglich","ja","https://github.com/statistikZH/covid19monitoring_mobility_SBBHauptbahnhof"
2020-01-18,1883,"Mobilität","oev_freq_hb","Ein-& Ausfahrten am Zürich HB","Zürich Hauptbahnhof","Anzahl","SBB","täglich","ja","https://github.com/statistikZH/covid19monitoring_mobility_SBBHauptbahnhof"
2020-01-19,1873,"Mobilität","oev_freq_hb","Ein-& Ausfahrten am Zürich HB","Zürich Hauptbahnhof","Anzahl","SBB","täglich","ja","https://github.com/statistikZH/covid19monitoring_mobility_SBBHauptbahnhof"
2020-01-20,1908,"Mobilität","oev_freq_hb","Ein-& Ausfahrten am Zürich HB","Zürich Hauptbahnhof","Anzahl","SBB","täglich","ja","https://github.com/statistikZH/covid19monitoring_mobility_SBBHauptbahnhof"
2020-01-21,1924,"Mobilität","oev_freq_hb","Ein-& Ausfahrten am Zürich HB","Zürich Hauptbahnhof","Anzahl","SBB","täglich","ja","https://github.com/statistikZH/covid19monitoring_mobility_SBBHauptbahnhof"
2020-01-22,1924,"Mobilität","oev_freq_hb","Ein-& Ausfahrten am Zürich HB","Zürich Hauptbahnhof","Anzahl","SBB","täglich","ja","https://github.com/statistikZH/covid19monitoring_mobility_SBBHauptbahnhof"
2020-01-23,1924,"Mobilität","oev_freq_hb","Ein-& Ausfahrten am Zürich HB","Zürich Hauptbahnhof","Anzahl","SBB","täglich","ja","https://github.com/statistikZH/covid19monitoring_mobility_SBBHauptbahnhof"
2020-01-24,1927,"Mobilität","oev_freq_hb","Ein-& Ausfahrten am Zürich HB","Zürich Hauptbahnhof","Anzahl","SBB","täglich","ja","https://github.com/statistikZH/covid19monitoring_mobility_SBBHauptbahnhof"
2020-01-25,1874,"Mobilität","oev_freq_hb","Ein-& Ausfahrten am Zürich HB","Zürich Hauptbahnhof","Anzahl","SBB","täglich","ja","https://github.com/statistikZH/covid19monitoring_mobility_SBBHauptbahnhof"
2020-01-26,1874,"Mobilität","oev_freq_hb","Ein-& Ausfahrten am Zürich HB","Zürich Hauptbahnhof","Anzahl","SBB","täglich","ja","https://github.com/statistikZH/covid19monitoring_mobility_SBBHauptbahnhof"
2020-01-27,1918,"Mobilität","oev_freq_hb","Ein-& Ausfahrten am Zürich HB","Zürich Hauptbahnhof","Anzahl","SBB","täglich","ja","https://github.com/statistikZH/covid19monitoring_mobility_SBBHauptbahnhof"
2020-01-28,1917,"Mobilität","oev_freq_hb","Ein-& Ausfahrten am Zürich HB","Zürich Hauptbahnhof","Anzahl","SBB","täglich","ja","https://github.com/statistikZH/covid19monitoring_mobility_SBBHauptbahnhof"
2020-01-29,1919,"Mobilität","oev_freq_hb","Ein-& Ausfahrten am Zürich HB","Zürich Hauptbahnhof","Anzahl","SBB","täglich","ja","https://github.com/statistikZH/covid19monitoring_mobility_SBBHauptbahnhof"
2020-01-30,1921,"Mobilität","oev_freq_hb","Ein-& Ausfahrten am Zürich HB","Zürich Hauptbahnhof","Anzahl","SBB","täglich","ja","https://github.com/statistikZH/covid19monitoring_mobility_SBBHauptbahnhof"
2020-01-31,1933,"Mobilität","oev_freq_hb","Ein-& Ausfahrten am Zürich HB","Zürich Hauptbahnhof","Anzahl","SBB","täglich","ja","https://github.com/statistikZH/covid19monitoring_mobility_SBBHauptbahnhof"
2020-02-01,1886,"Mobilität","oev_freq_hb","Ein-& Ausfahrten am Zürich HB","Zürich Hauptbahnhof","Anzahl","SBB","täglich","ja","https://github.com/statistikZH/covid19monitoring_mobility_SBBHauptbahnhof"
2020-02-02,1858,"Mobilität","oev_freq_hb","Ein-& Ausfahrten am Zürich HB","Zürich Hauptbahnhof","Anzahl","SBB","täglich","ja","https://github.com/statistikZH/covid19monitoring_mobility_SBBHauptbahnhof"
2020-02-03,1906,"Mobilität","oev_freq_hb","Ein-& Ausfahrten am Zürich HB","Zürich Hauptbahnhof","Anzahl","SBB","täglich","ja","https://github.com/statistikZH/covid19monitoring_mobility_SBBHauptbahnhof"
2020-02-04,1920,"Mobilität","oev_freq_hb","Ein-& Ausfahrten am Zürich HB","Zürich Hauptbahnhof","Anzahl","SBB","täglich","ja","https://github.com/statistikZH/covid19monitoring_mobility_SBBHauptbahnhof"
2020-02-05,1899,"Mobilität","oev_freq_hb","Ein-& Ausfahrten am Zürich HB","Zürich Hauptbahnhof","Anzahl","SBB","täglich","ja","https://github.com/statistikZH/covid19monitoring_mobility_SBBHauptbahnhof"
2020-02-06,1905,"Mobilität","oev_freq_hb","Ein-& Ausfahrten am Zürich HB","Zürich Hauptbahnhof","Anzahl","SBB","täglich","ja","https://github.com/statistikZH/covid19monitoring_mobility_SBBHauptbahnhof"
2020-02-07,1919,"Mobilität","oev_freq_hb","Ein-& Ausfahrten am Zürich HB","Zürich Hauptbahnhof","Anzahl","SBB","täglich","ja","https://github.com/statistikZH/covid19monitoring_mobility_SBBHauptbahnhof"
2020-02-08,1882,"Mobilität","oev_freq_hb","Ein-& Ausfahrten am Zürich HB","Zürich Hauptbahnhof","Anzahl","SBB","täglich","ja","https://github.com/statistikZH/covid19monitoring_mobility_SBBHauptbahnhof"
2020-02-09,1851,"Mobilität","oev_freq_hb","Ein-& Ausfahrten am Zürich HB","Zürich Hauptbahnhof","Anzahl","SBB","täglich","ja","https://github.com/statistikZH/covid19monitoring_mobility_SBBHauptbahnhof"
2020-02-10,1906,"Mobilität","oev_freq_hb","Ein-& Ausfahrten am Zürich HB","Zürich Hauptbahnhof","Anzahl","SBB","täglich","ja","https://github.com/statistikZH/covid19monitoring_mobility_SBBHauptbahnhof"
2020-02-11,1907,"Mobilität","oev_freq_hb","Ein-& Ausfahrten am Zürich HB","Zürich Hauptbahnhof","Anzahl","SBB","täglich","ja","https://github.com/statistikZH/covid19monitoring_mobility_SBBHauptbahnhof"
2020-02-12,1906,"Mobilität","oev_freq_hb","Ein-& Ausfahrten am Zürich HB","Zürich Hauptbahnhof","Anzahl","SBB","täglich","ja","https://github.com/statistikZH/covid19monitoring_mobility_SBBHauptbahnhof"
2020-02-13,1905,"Mobilität","oev_freq_hb","Ein-& Ausfahrten am Zürich HB","Zürich Hauptbahnhof","Anzahl","SBB","täglich","ja","https://github.com/statistikZH/covid19monitoring_mobility_SBBHauptbahnhof"
2020-02-14,1924,"Mobilität","oev_freq_hb","Ein-& Ausfahrten am Zürich HB","Zürich Hauptbahnhof","Anzahl","SBB","täglich","ja","https://github.com/statistikZH/covid19monitoring_mobility_SBBHauptbahnhof"
2020-02-15,1872,"Mobilität","oev_freq_hb","Ein-& Ausfahrten am Zürich HB","Zürich Hauptbahnhof","Anzahl","SBB","täglich","ja","https://github.com/statistikZH/covid19monitoring_mobility_SBBHauptbahnhof"
2020-02-16,1856,"Mobilität","oev_freq_hb","Ein-& Ausfahrten am Zürich HB","Zürich Hauptbahnhof","Anzahl","SBB","täglich","ja","https://github.com/statistikZH/covid19monitoring_mobility_SBBHauptbahnhof"
2020-02-17,1905,"Mobilität","oev_freq_hb","Ein-& Ausfahrten am Zürich HB","Zürich Hauptbahnhof","Anzahl","SBB","täglich","ja","https://github.com/statistikZH/covid19monitoring_mobility_SBBHauptbahnhof"
2020-02-18,1910,"Mobilität","oev_freq_hb","Ein-& Ausfahrten am Zürich HB","Zürich Hauptbahnhof","Anzahl","SBB","täglich","ja","https://github.com/statistikZH/covid19monitoring_mobility_SBBHauptbahnhof"
2020-02-19,1905,"Mobilität","oev_freq_hb","Ein-& Ausfahrten am Zürich HB","Zürich Hauptbahnhof","Anzahl","SBB","täglich","ja","https://github.com/statistikZH/covid19monitoring_mobility_SBBHauptbahnhof"
2020-02-20,1916,"Mobilität","oev_freq_hb","Ein-& Ausfahrten am Zürich HB","Zürich Hauptbahnhof","Anzahl","SBB","täglich","ja","https://github.com/statistikZH/covid19monitoring_mobility_SBBHauptbahnhof"
2020-02-21,1918,"Mobilität","oev_freq_hb","Ein-& Ausfahrten am Zürich HB","Zürich Hauptbahnhof","Anzahl","SBB","täglich","ja","https://github.com/statistikZH/covid19monitoring_mobility_SBBHauptbahnhof"
2020-02-22,1901,"Mobilität","oev_freq_hb","Ein-& Ausfahrten am Zürich HB","Zürich Hauptbahnhof","Anzahl","SBB","täglich","ja","https://github.com/statistikZH/covid19monitoring_mobility_SBBHauptbahnhof"
2020-02-23,1881,"Mobilität","oev_freq_hb","Ein-& Ausfahrten am Zürich HB","Zürich Hauptbahnhof","Anzahl","SBB","täglich","ja","https://github.com/statistikZH/covid19monitoring_mobility_SBBHauptbahnhof"
2020-02-24,1902,"Mobilität","oev_freq_hb","Ein-& Ausfahrten am Zürich HB","Zürich Hauptbahnhof","Anzahl","SBB","täglich","ja","https://github.com/statistikZH/covid19monitoring_mobility_SBBHauptbahnhof"
2020-02-25,1907,"Mobilität","oev_freq_hb","Ein-& Ausfahrten am Zürich HB","Zürich Hauptbahnhof","Anzahl","SBB","täglich","ja","https://github.com/statistikZH/covid19monitoring_mobility_SBBHauptbahnhof"
2020-02-26,1903,"Mobilität","oev_freq_hb","Ein-& Ausfahrten am Zürich HB","Zürich Hauptbahnhof","Anzahl","SBB","täglich","ja","https://github.com/statistikZH/covid19monitoring_mobility_SBBHauptbahnhof"
2020-02-27,1906,"Mobilität","oev_freq_hb","Ein-& Ausfahrten am Zürich HB","Zürich Hauptbahnhof","Anzahl","SBB","täglich","ja","https://github.com/statistikZH/covid19monitoring_mobility_SBBHauptbahnhof"
2020-02-28,1914,"Mobilität","oev_freq_hb","Ein-& Ausfahrten am Zürich HB","Zürich Hauptbahnhof","Anzahl","SBB","täglich","ja","https://github.com/statistikZH/covid19monitoring_mobility_SBBHauptbahnhof"
2020-02-29,1891,"Mobilität","oev_freq_hb","Ein-& Ausfahrten am Zürich HB","Zürich Hauptbahnhof","Anzahl","SBB","täglich","ja","https://github.com/statistikZH/covid19monitoring_mobility_SBBHauptbahnhof"
2020-03-01,1903,"Mobilität","oev_freq_hb","Ein-& Ausfahrten am Zürich HB","Zürich Hauptbahnhof","Anzahl","SBB","täglich","ja","https://github.com/statistikZH/covid19monitoring_mobility_SBBHauptbahnhof"
2020-03-02,1917,"Mobilität","oev_freq_hb","Ein-& Ausfahrten am Zürich HB","Zürich Hauptbahnhof","Anzahl","SBB","täglich","ja","https://github.com/statistikZH/covid19monitoring_mobility_SBBHauptbahnhof"
2020-03-03,1915,"Mobilität","oev_freq_hb","Ein-& Ausfahrten am Zürich HB","Zürich Hauptbahnhof","Anzahl","SBB","täglich","ja","https://github.com/statistikZH/covid19monitoring_mobility_SBBHauptbahnhof"
2020-03-04,1917,"Mobilität","oev_freq_hb","Ein-& Ausfahrten am Zürich HB","Zürich Hauptbahnhof","Anzahl","SBB","täglich","ja","https://github.com/statistikZH/covid19monitoring_mobility_SBBHauptbahnhof"
2020-03-05,1919,"Mobilität","oev_freq_hb","Ein-& Ausfahrten am Zürich HB","Zürich Hauptbahnhof","Anzahl","SBB","täglich","ja","https://github.com/statistikZH/covid19monitoring_mobility_SBBHauptbahnhof"
2020-03-06,1930,"Mobilität","oev_freq_hb","Ein-& Ausfahrten am Zürich HB","Zürich Hauptbahnhof","Anzahl","SBB","täglich","ja","https://github.com/statistikZH/covid19monitoring_mobility_SBBHauptbahnhof"
2020-03-07,1878,"Mobilität","oev_freq_hb","Ein-& Ausfahrten am Zürich HB","Zürich Hauptbahnhof","Anzahl","SBB","täglich","ja","https://github.com/statistikZH/covid19monitoring_mobility_SBBHauptbahnhof"
2020-03-08,1878,"Mobilität","oev_freq_hb","Ein-& Ausfahrten am Zürich HB","Zürich Hauptbahnhof","Anzahl","SBB","täglich","ja","https://github.com/statistikZH/covid19monitoring_mobility_SBBHauptbahnhof"
2020-03-09,1918,"Mobilität","oev_freq_hb","Ein-& Ausfahrten am Zürich HB","Zürich Hauptbahnhof","Anzahl","SBB","täglich","ja","https://github.com/statistikZH/covid19monitoring_mobility_SBBHauptbahnhof"
2020-03-10,1921,"Mobilität","oev_freq_hb","Ein-& Ausfahrten am Zürich HB","Zürich Hauptbahnhof","Anzahl","SBB","täglich","ja","https://github.com/statistikZH/covid19monitoring_mobility_SBBHauptbahnhof"
2020-03-11,1925,"Mobilität","oev_freq_hb","Ein-& Ausfahrten am Zürich HB","Zürich Hauptbahnhof","Anzahl","SBB","täglich","ja","https://github.com/statistikZH/covid19monitoring_mobility_SBBHauptbahnhof"
2020-03-12,1923,"Mobilität","oev_freq_hb","Ein-& Ausfahrten am Zürich HB","Zürich Hauptbahnhof","Anzahl","SBB","täglich","ja","https://github.com/statistikZH/covid19monitoring_mobility_SBBHauptbahnhof"
2020-03-13,1926,"Mobilität","oev_freq_hb","Ein-& Ausfahrten am Zürich HB","Zürich Hauptbahnhof","Anzahl","SBB","täglich","ja","https://github.com/statistikZH/covid19monitoring_mobility_SBBHauptbahnhof"
2020-03-14,1873,"Mobilität","oev_freq_hb","Ein-& Ausfahrten am Zürich HB","Zürich Hauptbahnhof","Anzahl","SBB","täglich","ja","https://github.com/statistikZH/covid19monitoring_mobility_SBBHauptbahnhof"
2020-03-15,1866,"Mobilität","oev_freq_hb","Ein-& Ausfahrten am Zürich HB","Zürich Hauptbahnhof","Anzahl","SBB","täglich","ja","https://github.com/statistikZH/covid19monitoring_mobility_SBBHauptbahnhof"
2020-03-16,1920,"Mobilität","oev_freq_hb","Ein-& Ausfahrten am Zürich HB","Zürich Hauptbahnhof","Anzahl","SBB","täglich","ja","https://github.com/statistikZH/covid19monitoring_mobility_SBBHauptbahnhof"
2020-03-17,1918,"Mobilität","oev_freq_hb","Ein-& Ausfahrten am Zürich HB","Zürich Hauptbahnhof","Anzahl","SBB","täglich","ja","https://github.com/statistikZH/covid19monitoring_mobility_SBBHauptbahnhof"
2020-03-18,1916,"Mobilität","oev_freq_hb","Ein-& Ausfahrten am Zürich HB","Zürich Hauptbahnhof","Anzahl","SBB","täglich","ja","https://github.com/statistikZH/covid19monitoring_mobility_SBBHauptbahnhof"
2020-03-19,1905,"Mobilität","oev_freq_hb","Ein-& Ausfahrten am Zürich HB","Zürich Hauptbahnhof","Anzahl","SBB","täglich","ja","https://github.com/statistikZH/covid19monitoring_mobility_SBBHauptbahnhof"
2020-03-20,1915,"Mobilität","oev_freq_hb","Ein-& Ausfahrten am Zürich HB","Zürich Hauptbahnhof","Anzahl","SBB","täglich","ja","https://github.com/statistikZH/covid19monitoring_mobility_SBBHauptbahnhof"
2020-03-21,1846,"Mobilität","oev_freq_hb","Ein-& Ausfahrten am Zürich HB","Zürich Hauptbahnhof","Anzahl","SBB","täglich","ja","https://github.com/statistikZH/covid19monitoring_mobility_SBBHauptbahnhof"
2020-03-22,1833,"Mobilität","oev_freq_hb","Ein-& Ausfahrten am Zürich HB","Zürich Hauptbahnhof","Anzahl","SBB","täglich","ja","https://github.com/statistikZH/covid19monitoring_mobility_SBBHauptbahnhof"
2020-03-23,1737,"Mobilität","oev_freq_hb","Ein-& Ausfahrten am Zürich HB","Zürich Hauptbahnhof","Anzahl","SBB","täglich","ja","https://github.com/statistikZH/covid19monitoring_mobility_SBBHauptbahnhof"
2020-03-24,1724,"Mobilität","oev_freq_hb","Ein-& Ausfahrten am Zürich HB","Zürich Hauptbahnhof","Anzahl","SBB","täglich","ja","https://github.com/statistikZH/covid19monitoring_mobility_SBBHauptbahnhof"
2020-03-25,1720,"Mobilität","oev_freq_hb","Ein-& Ausfahrten am Zürich HB","Zürich Hauptbahnhof","Anzahl","SBB","täglich","ja","https://github.com/statistikZH/covid19monitoring_mobility_SBBHauptbahnhof"
2020-03-26,1664,"Mobilität","oev_freq_hb","Ein-& Ausfahrten am Zürich HB","Zürich Hauptbahnhof","Anzahl","SBB","täglich","ja","https://github.com/statistikZH/covid19monitoring_mobility_SBBHauptbahnhof"
2020-03-27,1677,"Mobilität","oev_freq_hb","Ein-& Ausfahrten am Zürich HB","Zürich Hauptbahnhof","Anzahl","SBB","täglich","ja","https://github.com/statistikZH/covid19monitoring_mobility_SBBHauptbahnhof"
2020-03-28,1631,"Mobilität","oev_freq_hb","Ein-& Ausfahrten am Zürich HB","Zürich Hauptbahnhof","Anzahl","SBB","täglich","ja","https://github.com/statistikZH/covid19monitoring_mobility_SBBHauptbahnhof"
2020-03-29,1619,"Mobilität","oev_freq_hb","Ein-& Ausfahrten am Zürich HB","Zürich Hauptbahnhof","Anzahl","SBB","täglich","ja","https://github.com/statistikZH/covid19monitoring_mobility_SBBHauptbahnhof"
2020-03-30,1644,"Mobilität","oev_freq_hb","Ein-& Ausfahrten am Zürich HB","Zürich Hauptbahnhof","Anzahl","SBB","täglich","ja","https://github.com/statistikZH/covid19monitoring_mobility_SBBHauptbahnhof"
2020-03-31,1642,"Mobilität","oev_freq_hb","Ein-& Ausfahrten am Zürich HB","Zürich Hauptbahnhof","Anzahl","SBB","täglich","ja","https://github.com/statistikZH/covid19monitoring_mobility_SBBHauptbahnhof"
2020-04-01,1639,"Mobilität","oev_freq_hb","Ein-& Ausfahrten am Zürich HB","Zürich Hauptbahnhof","Anzahl","SBB","täglich","ja","https://github.com/statistikZH/covid19monitoring_mobility_SBBHauptbahnhof"
2020-04-02,1599,"Mobilität","oev_freq_hb","Ein-& Ausfahrten am Zürich HB","Zürich Hauptbahnhof","Anzahl","SBB","täglich","ja","https://github.com/statistikZH/covid19monitoring_mobility_SBBHauptbahnhof"
2020-04-03,1608,"Mobilität","oev_freq_hb","Ein-& Ausfahrten am Zürich HB","Zürich Hauptbahnhof","Anzahl","SBB","täglich","ja","https://github.com/statistikZH/covid19monitoring_mobility_SBBHauptbahnhof"
2020-04-04,1639,"Mobilität","oev_freq_hb","Ein-& Ausfahrten am Zürich HB","Zürich Hauptbahnhof","Anzahl","SBB","täglich","ja","https://github.com/statistikZH/covid19monitoring_mobility_SBBHauptbahnhof"
2020-04-05,1630,"Mobilität","oev_freq_hb","Ein-& Ausfahrten am Zürich HB","Zürich Hauptbahnhof","Anzahl","SBB","täglich","ja","https://github.com/statistikZH/covid19monitoring_mobility_SBBHauptbahnhof"
2020-04-06,1599,"Mobilität","oev_freq_hb","Ein-& Ausfahrten am Zürich HB","Zürich Hauptbahnhof","Anzahl","SBB","täglich","ja","https://github.com/statistikZH/covid19monitoring_mobility_SBBHauptbahnhof"
2020-04-07,1597,"Mobilität","oev_freq_hb","Ein-& Ausfahrten am Zürich HB","Zürich Hauptbahnhof","Anzahl","SBB","täglich","ja","https://github.com/statistikZH/covid19monitoring_mobility_SBBHauptbahnhof"
2020-04-08,1593,"Mobilität","oev_freq_hb","Ein-& Ausfahrten am Zürich HB","Zürich Hauptbahnhof","Anzahl","SBB","täglich","ja","https://github.com/statistikZH/covid19monitoring_mobility_SBBHauptbahnhof"
2020-04-09,1595,"Mobilität","oev_freq_hb","Ein-& Ausfahrten am Zürich HB","Zürich Hauptbahnhof","Anzahl","SBB","täglich","ja","https://github.com/statistikZH/covid19monitoring_mobility_SBBHauptbahnhof"
2020-04-10,1597,"Mobilität","oev_freq_hb","Ein-& Ausfahrten am Zürich HB","Zürich Hauptbahnhof","Anzahl","SBB","täglich","ja","https://github.com/statistikZH/covid19monitoring_mobility_SBBHauptbahnhof"
2020-04-11,1603,"Mobilität","oev_freq_hb","Ein-& Ausfahrten am Zürich HB","Zürich Hauptbahnhof","Anzahl","SBB","täglich","ja","https://github.com/statistikZH/covid19monitoring_mobility_SBBHauptbahnhof"
2020-04-12,1595,"Mobilität","oev_freq_hb","Ein-& Ausfahrten am Zürich HB","Zürich Hauptbahnhof","Anzahl","SBB","täglich","ja","https://github.com/statistikZH/covid19monitoring_mobility_SBBHauptbahnhof"
2020-04-13,1590,"Mobilität","oev_freq_hb","Ein-& Ausfahrten am Zürich HB","Zürich Hauptbahnhof","Anzahl","SBB","täglich","ja","https://github.com/statistikZH/covid19monitoring_mobility_SBBHauptbahnhof"
2020-04-14,1598,"Mobilität","oev_freq_hb","Ein-& Ausfahrten am Zürich HB","Zürich Hauptbahnhof","Anzahl","SBB","täglich","ja","https://github.com/statistikZH/covid19monitoring_mobility_SBBHauptbahnhof"
2020-04-15,1602,"Mobilität","oev_freq_hb","Ein-& Ausfahrten am Zürich HB","Zürich Hauptbahnhof","Anzahl","SBB","täglich","ja","https://github.com/statistikZH/covid19monitoring_mobility_SBBHauptbahnhof"
2020-04-16,1599,"Mobilität","oev_freq_hb","Ein-& Ausfahrten am Zürich HB","Zürich Hauptbahnhof","Anzahl","SBB","täglich","ja","https://github.com/statistikZH/covid19monitoring_mobility_SBBHauptbahnhof"
2020-04-17,1607,"Mobilität","oev_freq_hb","Ein-& Ausfahrten am Zürich HB","Zürich Hauptbahnhof","Anzahl","SBB","täglich","ja","https://github.com/statistikZH/covid19monitoring_mobility_SBBHauptbahnhof"
2020-04-18,1619,"Mobilität","oev_freq_hb","Ein-& Ausfahrten am Zürich HB","Zürich Hauptbahnhof","Anzahl","SBB","täglich","ja","https://github.com/statistikZH/covid19monitoring_mobility_SBBHauptbahnhof"
2020-04-19,1601,"Mobilität","oev_freq_hb","Ein-& Ausfahrten am Zürich HB","Zürich Hauptbahnhof","Anzahl","SBB","täglich","ja","https://github.com/statistikZH/covid19monitoring_mobility_SBBHauptbahnhof"
2020-04-20,1593,"Mobilität","oev_freq_hb","Ein-& Ausfahrten am Zürich HB","Zürich Hauptbahnhof","Anzahl","SBB","täglich","ja","https://github.com/statistikZH/covid19monitoring_mobility_SBBHauptbahnhof"
2020-04-21,1601,"Mobilität","oev_freq_hb","Ein-& Ausfahrten am Zürich HB","Zürich Hauptbahnhof","Anzahl","SBB","täglich","ja","https://github.com/statistikZH/covid19monitoring_mobility_SBBHauptbahnhof"
2020-04-22,1597,"Mobilität","oev_freq_hb","Ein-& Ausfahrten am Zürich HB","Zürich Hauptbahnhof","Anzahl","SBB","täglich","ja","https://github.com/statistikZH/covid19monitoring_mobility_SBBHauptbahnhof"
2020-04-23,1598,"Mobilität","oev_freq_hb","Ein-& Ausfahrten am Zürich HB","Zürich Hauptbahnhof","Anzahl","SBB","täglich","ja","https://github.com/statistikZH/covid19monitoring_mobility_SBBHauptbahnhof"
2020-04-24,1603,"Mobilität","oev_freq_hb","Ein-& Ausfahrten am Zürich HB","Zürich Hauptbahnhof","Anzahl","SBB","täglich","ja","https://github.com/statistikZH/covid19monitoring_mobility_SBBHauptbahnhof"
2020-04-25,1602,"Mobilität","oev_freq_hb","Ein-& Ausfahrten am Zürich HB","Zürich Hauptbahnhof","Anzahl","SBB","täglich","ja","https://github.com/statistikZH/covid19monitoring_mobility_SBBHauptbahnhof"
2020-04-26,1581,"Mobilität","oev_freq_hb","Ein-& Ausfahrten am Zürich HB","Zürich Hauptbahnhof","Anzahl","SBB","täglich","ja","https://github.com/statistikZH/covid19monitoring_mobility_SBBHauptbahnhof"
2020-04-27,1683,"Mobilität","oev_freq_hb","Ein-& Ausfahrten am Zürich HB","Zürich Hauptbahnhof","Anzahl","SBB","täglich","ja","https://github.com/statistikZH/covid19monitoring_mobility_SBBHauptbahnhof"
2020-04-28,1676,"Mobilität","oev_freq_hb","Ein-& Ausfahrten am Zürich HB","Zürich Hauptbahnhof","Anzahl","SBB","täglich","ja","https://github.com/statistikZH/covid19monitoring_mobility_SBBHauptbahnhof"
2020-04-29,1681,"Mobilität","oev_freq_hb","Ein-& Ausfahrten am Zürich HB","Zürich Hauptbahnhof","Anzahl","SBB","täglich","ja","https://github.com/statistikZH/covid19monitoring_mobility_SBBHauptbahnhof"
2020-04-30,1693,"Mobilität","oev_freq_hb","Ein-& Ausfahrten am Zürich HB","Zürich Hauptbahnhof","Anzahl","SBB","täglich","ja","https://github.com/statistikZH/covid19monitoring_mobility_SBBHauptbahnhof"
2020-05-01,1673,"Mobilität","oev_freq_hb","Ein-& Ausfahrten am Zürich HB","Zürich Hauptbahnhof","Anzahl","SBB","täglich","ja","https://github.com/statistikZH/covid19monitoring_mobility_SBBHauptbahnhof"
2020-05-02,1642,"Mobilität","oev_freq_hb","Ein-& Ausfahrten am Zürich HB","Zürich Hauptbahnhof","Anzahl","SBB","täglich","ja","https://github.com/statistikZH/covid19monitoring_mobility_SBBHauptbahnhof"
2020-05-03,1628,"Mobilität","oev_freq_hb","Ein-& Ausfahrten am Zürich HB","Zürich Hauptbahnhof","Anzahl","SBB","täglich","ja","https://github.com/statistikZH/covid19monitoring_mobility_SBBHauptbahnhof"
2020-05-04,1689,"Mobilität","oev_freq_hb","Ein-& Ausfahrten am Zürich HB","Zürich Hauptbahnhof","Anzahl","SBB","täglich","ja","https://github.com/statistikZH/covid19monitoring_mobility_SBBHauptbahnhof"
2020-05-05,1696,"Mobilität","oev_freq_hb","Ein-& Ausfahrten am Zürich HB","Zürich Hauptbahnhof","Anzahl","SBB","täglich","ja","https://github.com/statistikZH/covid19monitoring_mobility_SBBHauptbahnhof"
2020-05-06,1688,"Mobilität","oev_freq_hb","Ein-& Ausfahrten am Zürich HB","Zürich Hauptbahnhof","Anzahl","SBB","täglich","ja","https://github.com/statistikZH/covid19monitoring_mobility_SBBHauptbahnhof"
2020-05-07,1697,"Mobilität","oev_freq_hb","Ein-& Ausfahrten am Zürich HB","Zürich Hauptbahnhof","Anzahl","SBB","täglich","ja","https://github.com/statistikZH/covid19monitoring_mobility_SBBHauptbahnhof"
2020-05-08,1703,"Mobilität","oev_freq_hb","Ein-& Ausfahrten am Zürich HB","Zürich Hauptbahnhof","Anzahl","SBB","täglich","ja","https://github.com/statistikZH/covid19monitoring_mobility_SBBHauptbahnhof"
2020-05-09,1678,"Mobilität","oev_freq_hb","Ein-& Ausfahrten am Zürich HB","Zürich Hauptbahnhof","Anzahl","SBB","täglich","ja","https://github.com/statistikZH/covid19monitoring_mobility_SBBHauptbahnhof"
2020-05-10,1665,"Mobilität","oev_freq_hb","Ein-& Ausfahrten am Zürich HB","Zürich Hauptbahnhof","Anzahl","SBB","täglich","ja","https://github.com/statistikZH/covid19monitoring_mobility_SBBHauptbahnhof"
2020-05-11,1742,"Mobilität","oev_freq_hb","Ein-& Ausfahrten am Zürich HB","Zürich Hauptbahnhof","Anzahl","SBB","täglich","ja","https://github.com/statistikZH/covid19monitoring_mobility_SBBHauptbahnhof"
2020-05-12,1748,"Mobilität","oev_freq_hb","Ein-& Ausfahrten am Zürich HB","Zürich Hauptbahnhof","Anzahl","SBB","täglich","ja","https://github.com/statistikZH/covid19monitoring_mobility_SBBHauptbahnhof"
2020-05-13,1749,"Mobilität","oev_freq_hb","Ein-& Ausfahrten am Zürich HB","Zürich Hauptbahnhof","Anzahl","SBB","täglich","ja","https://github.com/statistikZH/covid19monitoring_mobility_SBBHauptbahnhof"
2020-05-14,1745,"Mobilität","oev_freq_hb","Ein-& Ausfahrten am Zürich HB","Zürich Hauptbahnhof","Anzahl","SBB","täglich","ja","https://github.com/statistikZH/covid19monitoring_mobility_SBBHauptbahnhof"
2020-05-15,1753,"Mobilität","oev_freq_hb","Ein-& Ausfahrten am Zürich HB","Zürich Hauptbahnhof","Anzahl","SBB","täglich","ja","https://github.com/statistikZH/covid19monitoring_mobility_SBBHauptbahnhof"
2020-05-16,1675,"Mobilität","oev_freq_hb","Ein-& Ausfahrten am Zürich HB","Zürich Hauptbahnhof","Anzahl","SBB","täglich","ja","https://github.com/statistikZH/covid19monitoring_mobility_SBBHauptbahnhof"
2020-05-17,1665,"Mobilität","oev_freq_hb","Ein-& Ausfahrten am Zürich HB","Zürich Hauptbahnhof","Anzahl","SBB","täglich","ja","https://github.com/statistikZH/covid19monitoring_mobility_SBBHauptbahnhof"
2020-05-18,1767,"Mobilität","oev_freq_hb","Ein-& Ausfahrten am Zürich HB","Zürich Hauptbahnhof","Anzahl","SBB","täglich","ja","https://github.com/statistikZH/covid19monitoring_mobility_SBBHauptbahnhof"
2020-05-19,1761,"Mobilität","oev_freq_hb","Ein-& Ausfahrten am Zürich HB","Zürich Hauptbahnhof","Anzahl","SBB","täglich","ja","https://github.com/statistikZH/covid19monitoring_mobility_SBBHauptbahnhof"
2020-05-20,1767,"Mobilität","oev_freq_hb","Ein-& Ausfahrten am Zürich HB","Zürich Hauptbahnhof","Anzahl","SBB","täglich","ja","https://github.com/statistikZH/covid19monitoring_mobility_SBBHauptbahnhof"
2020-05-21,1697,"Mobilität","oev_freq_hb","Ein-& Ausfahrten am Zürich HB","Zürich Hauptbahnhof","Anzahl","SBB","täglich","ja","https://github.com/statistikZH/covid19monitoring_mobility_SBBHauptbahnhof"
2020-05-22,1787,"Mobilität","oev_freq_hb","Ein-& Ausfahrten am Zürich HB","Zürich Hauptbahnhof","Anzahl","SBB","täglich","ja","https://github.com/statistikZH/covid19monitoring_mobility_SBBHauptbahnhof"
2020-05-23,1711,"Mobilität","oev_freq_hb","Ein-& Ausfahrten am Zürich HB","Zürich Hauptbahnhof","Anzahl","SBB","täglich","ja","https://github.com/statistikZH/covid19monitoring_mobility_SBBHauptbahnhof"
2020-05-24,1684,"Mobilität","oev_freq_hb","Ein-& Ausfahrten am Zürich HB","Zürich Hauptbahnhof","Anzahl","SBB","täglich","ja","https://github.com/statistikZH/covid19monitoring_mobility_SBBHauptbahnhof"
2020-05-25,1780,"Mobilität","oev_freq_hb","Ein-& Ausfahrten am Zürich HB","Zürich Hauptbahnhof","Anzahl","SBB","täglich","ja","https://github.com/statistikZH/covid19monitoring_mobility_SBBHauptbahnhof"
2020-05-26,1789,"Mobilität","oev_freq_hb","Ein-& Ausfahrten am Zürich HB","Zürich Hauptbahnhof","Anzahl","SBB","täglich","ja","https://github.com/statistikZH/covid19monitoring_mobility_SBBHauptbahnhof"
2020-05-27,1790,"Mobilität","oev_freq_hb","Ein-& Ausfahrten am Zürich HB","Zürich Hauptbahnhof","Anzahl","SBB","täglich","ja","https://github.com/statistikZH/covid19monitoring_mobility_SBBHauptbahnhof"
2020-05-28,1785,"Mobilität","oev_freq_hb","Ein-& Ausfahrten am Zürich HB","Zürich Hauptbahnhof","Anzahl","SBB","täglich","ja","https://github.com/statistikZH/covid19monitoring_mobility_SBBHauptbahnhof"
2020-05-29,1798,"Mobilität","oev_freq_hb","Ein-& Ausfahrten am Zürich HB","Zürich Hauptbahnhof","Anzahl","SBB","täglich","ja","https://github.com/statistikZH/covid19monitoring_mobility_SBBHauptbahnhof"
2020-05-30,1735,"Mobilität","oev_freq_hb","Ein-& Ausfahrten am Zürich HB","Zürich Hauptbahnhof","Anzahl","SBB","täglich","ja","https://github.com/statistikZH/covid19monitoring_mobility_SBBHauptbahnhof"
2020-05-31,1715,"Mobilität","oev_freq_hb","Ein-& Ausfahrten am Zürich HB","Zürich Hauptbahnhof","Anzahl","SBB","täglich","ja","https://github.com/statistikZH/covid19monitoring_mobility_SBBHauptbahnhof"
2020-06-01,1726,"Mobilität","oev_freq_hb","Ein-& Ausfahrten am Zürich HB","Zürich Hauptbahnhof","Anzahl","SBB","täglich","ja","https://github.com/statistikZH/covid19monitoring_mobility_SBBHauptbahnhof"
2020-06-02,1785,"Mobilität","oev_freq_hb","Ein-& Ausfahrten am Zürich HB","Zürich Hauptbahnhof","Anzahl","SBB","täglich","ja","https://github.com/statistikZH/covid19monitoring_mobility_SBBHauptbahnhof"
2020-06-03,1785,"Mobilität","oev_freq_hb","Ein-& Ausfahrten am Zürich HB","Zürich Hauptbahnhof","Anzahl","SBB","täglich","ja","https://github.com/statistikZH/covid19monitoring_mobility_SBBHauptbahnhof"
2020-06-04,1785,"Mobilität","oev_freq_hb","Ein-& Ausfahrten am Zürich HB","Zürich Hauptbahnhof","Anzahl","SBB","täglich","ja","https://github.com/statistikZH/covid19monitoring_mobility_SBBHauptbahnhof"
2020-06-05,1792,"Mobilität","oev_freq_hb","Ein-& Ausfahrten am Zürich HB","Zürich Hauptbahnhof","Anzahl","SBB","täglich","ja","https://github.com/statistikZH/covid19monitoring_mobility_SBBHauptbahnhof"
2020-06-06,1729,"Mobilität","oev_freq_hb","Ein-& Ausfahrten am Zürich HB","Zürich Hauptbahnhof","Anzahl","SBB","täglich","ja","https://github.com/statistikZH/covid19monitoring_mobility_SBBHauptbahnhof"
2020-06-07,1713,"Mobilität","oev_freq_hb","Ein-& Ausfahrten am Zürich HB","Zürich Hauptbahnhof","Anzahl","SBB","täglich","ja","https://github.com/statistikZH/covid19monitoring_mobility_SBBHauptbahnhof"
2020-06-08,1870,"Mobilität","oev_freq_hb","Ein-& Ausfahrten am Zürich HB","Zürich Hauptbahnhof","Anzahl","SBB","täglich","ja","https://github.com/statistikZH/covid19monitoring_mobility_SBBHauptbahnhof"
2020-06-09,1860,"Mobilität","oev_freq_hb","Ein-& Ausfahrten am Zürich HB","Zürich Hauptbahnhof","Anzahl","SBB","täglich","ja","https://github.com/statistikZH/covid19monitoring_mobility_SBBHauptbahnhof"
2020-06-10,1871,"Mobilität","oev_freq_hb","Ein-& Ausfahrten am Zürich HB","Zürich Hauptbahnhof","Anzahl","SBB","täglich","ja","https://github.com/statistikZH/covid19monitoring_mobility_SBBHauptbahnhof"
2020-06-11,1867,"Mobilität","oev_freq_hb","Ein-& Ausfahrten am Zürich HB","Zürich Hauptbahnhof","Anzahl","SBB","täglich","ja","https://github.com/statistikZH/covid19monitoring_mobility_SBBHauptbahnhof"
2020-06-12,1888,"Mobilität","oev_freq_hb","Ein-& Ausfahrten am Zürich HB","Zürich Hauptbahnhof","Anzahl","SBB","täglich","ja","https://github.com/statistikZH/covid19monitoring_mobility_SBBHauptbahnhof"
2020-06-13,1809,"Mobilität","oev_freq_hb","Ein-& Ausfahrten am Zürich HB","Zürich Hauptbahnhof","Anzahl","SBB","täglich","ja","https://github.com/statistikZH/covid19monitoring_mobility_SBBHauptbahnhof"
2020-06-14,1793,"Mobilität","oev_freq_hb","Ein-& Ausfahrten am Zürich HB","Zürich Hauptbahnhof","Anzahl","SBB","täglich","ja","https://github.com/statistikZH/covid19monitoring_mobility_SBBHauptbahnhof"
2020-06-15,1885,"Mobilität","oev_freq_hb","Ein-& Ausfahrten am Zürich HB","Zürich Hauptbahnhof","Anzahl","SBB","täglich","ja","https://github.com/statistikZH/covid19monitoring_mobility_SBBHauptbahnhof"
2020-06-16,1872,"Mobilität","oev_freq_hb","Ein-& Ausfahrten am Zürich HB","Zürich Hauptbahnhof","Anzahl","SBB","täglich","ja","https://github.com/statistikZH/covid19monitoring_mobility_SBBHauptbahnhof"
2020-06-17,1881,"Mobilität","oev_freq_hb","Ein-& Ausfahrten am Zürich HB","Zürich Hauptbahnhof","Anzahl","SBB","täglich","ja","https://github.com/statistikZH/covid19monitoring_mobility_SBBHauptbahnhof"
2020-06-18,1872,"Mobilität","oev_freq_hb","Ein-& Ausfahrten am Zürich HB","Zürich Hauptbahnhof","Anzahl","SBB","täglich","ja","https://github.com/statistikZH/covid19monitoring_mobility_SBBHauptbahnhof"
2020-06-19,1895,"Mobilität","oev_freq_hb","Ein-& Ausfahrten am Zürich HB","Zürich Hauptbahnhof","Anzahl","SBB","täglich","ja","https://github.com/statistikZH/covid19monitoring_mobility_SBBHauptbahnhof"
2020-06-20,1815,"Mobilität","oev_freq_hb","Ein-& Ausfahrten am Zürich HB","Zürich Hauptbahnhof","Anzahl","SBB","täglich","ja","https://github.com/statistikZH/covid19monitoring_mobility_SBBHauptbahnhof"
2020-06-21,1831,"Mobilität","oev_freq_hb","Ein-& Ausfahrten am Zürich HB","Zürich Hauptbahnhof","Anzahl","SBB","täglich","ja","https://github.com/statistikZH/covid19monitoring_mobility_SBBHauptbahnhof"
2020-06-22,1901,"Mobilität","oev_freq_hb","Ein-& Ausfahrten am Zürich HB","Zürich Hauptbahnhof","Anzahl","SBB","täglich","ja","https://github.com/statistikZH/covid19monitoring_mobility_SBBHauptbahnhof"
2020-06-23,1902,"Mobilität","oev_freq_hb","Ein-& Ausfahrten am Zürich HB","Zürich Hauptbahnhof","Anzahl","SBB","täglich","ja","https://github.com/statistikZH/covid19monitoring_mobility_SBBHauptbahnhof"
2020-06-24,1904,"Mobilität","oev_freq_hb","Ein-& Ausfahrten am Zürich HB","Zürich Hauptbahnhof","Anzahl","SBB","täglich","ja","https://github.com/statistikZH/covid19monitoring_mobility_SBBHauptbahnhof"
2020-06-25,1905,"Mobilität","oev_freq_hb","Ein-& Ausfahrten am Zürich HB","Zürich Hauptbahnhof","Anzahl","SBB","täglich","ja","https://github.com/statistikZH/covid19monitoring_mobility_SBBHauptbahnhof"
2020-06-26,1919,"Mobilität","oev_freq_hb","Ein-& Ausfahrten am Zürich HB","Zürich Hauptbahnhof","Anzahl","SBB","täglich","ja","https://github.com/statistikZH/covid19monitoring_mobility_SBBHauptbahnhof"
2020-06-27,1838,"Mobilität","oev_freq_hb","Ein-& Ausfahrten am Zürich HB","Zürich Hauptbahnhof","Anzahl","SBB","täglich","ja","https://github.com/statistikZH/covid19monitoring_mobility_SBBHauptbahnhof"
2020-06-28,1827,"Mobilität","oev_freq_hb","Ein-& Ausfahrten am Zürich HB","Zürich Hauptbahnhof","Anzahl","SBB","täglich","ja","https://github.com/statistikZH/covid19monitoring_mobility_SBBHauptbahnhof"
2020-06-29,1906,"Mobilität","oev_freq_hb","Ein-& Ausfahrten am Zürich HB","Zürich Hauptbahnhof","Anzahl","SBB","täglich","ja","https://github.com/statistikZH/covid19monitoring_mobility_SBBHauptbahnhof"
2020-06-30,1905,"Mobilität","oev_freq_hb","Ein-& Ausfahrten am Zürich HB","Zürich Hauptbahnhof","Anzahl","SBB","täglich","ja","https://github.com/statistikZH/covid19monitoring_mobility_SBBHauptbahnhof"
2020-07-01,1902,"Mobilität","oev_freq_hb","Ein-& Ausfahrten am Zürich HB","Zürich Hauptbahnhof","Anzahl","SBB","täglich","ja","https://github.com/statistikZH/covid19monitoring_mobility_SBBHauptbahnhof"
2020-07-02,1904,"Mobilität","oev_freq_hb","Ein-& Ausfahrten am Zürich HB","Zürich Hauptbahnhof","Anzahl","SBB","täglich","ja","https://github.com/statistikZH/covid19monitoring_mobility_SBBHauptbahnhof"
2020-07-03,1922,"Mobilität","oev_freq_hb","Ein-& Ausfahrten am Zürich HB","Zürich Hauptbahnhof","Anzahl","SBB","täglich","ja","https://github.com/statistikZH/covid19monitoring_mobility_SBBHauptbahnhof"
2020-07-04,1837,"Mobilität","oev_freq_hb","Ein-& Ausfahrten am Zürich HB","Zürich Hauptbahnhof","Anzahl","SBB","täglich","ja","https://github.com/statistikZH/covid19monitoring_mobility_SBBHauptbahnhof"
2020-07-05,1827,"Mobilität","oev_freq_hb","Ein-& Ausfahrten am Zürich HB","Zürich Hauptbahnhof","Anzahl","SBB","täglich","ja","https://github.com/statistikZH/covid19monitoring_mobility_SBBHauptbahnhof"
2020-07-06,1911,"Mobilität","oev_freq_hb","Ein-& Ausfahrten am Zürich HB","Zürich Hauptbahnhof","Anzahl","SBB","täglich","ja","https://github.com/statistikZH/covid19monitoring_mobility_SBBHauptbahnhof"
2020-07-07,1903,"Mobilität","oev_freq_hb","Ein-& Ausfahrten am Zürich HB","Zürich Hauptbahnhof","Anzahl","SBB","täglich","ja","https://github.com/statistikZH/covid19monitoring_mobility_SBBHauptbahnhof"
2020-07-08,1901,"Mobilität","oev_freq_hb","Ein-& Ausfahrten am Zürich HB","Zürich Hauptbahnhof","Anzahl","SBB","täglich","ja","https://github.com/statistikZH/covid19monitoring_mobility_SBBHauptbahnhof"
2020-07-09,1908,"Mobilität","oev_freq_hb","Ein-& Ausfahrten am Zürich HB","Zürich Hauptbahnhof","Anzahl","SBB","täglich","ja","https://github.com/statistikZH/covid19monitoring_mobility_SBBHauptbahnhof"
2020-07-10,1917,"Mobilität","oev_freq_hb","Ein-& Ausfahrten am Zürich HB","Zürich Hauptbahnhof","Anzahl","SBB","täglich","ja","https://github.com/statistikZH/covid19monitoring_mobility_SBBHauptbahnhof"
2020-07-11,1838,"Mobilität","oev_freq_hb","Ein-& Ausfahrten am Zürich HB","Zürich Hauptbahnhof","Anzahl","SBB","täglich","ja","https://github.com/statistikZH/covid19monitoring_mobility_SBBHauptbahnhof"
2020-07-12,1820,"Mobilität","oev_freq_hb","Ein-& Ausfahrten am Zürich HB","Zürich Hauptbahnhof","Anzahl","SBB","täglich","ja","https://github.com/statistikZH/covid19monitoring_mobility_SBBHauptbahnhof"
2020-07-13,1898,"Mobilität","oev_freq_hb","Ein-& Ausfahrten am Zürich HB","Zürich Hauptbahnhof","Anzahl","SBB","täglich","ja","https://github.com/statistikZH/covid19monitoring_mobility_SBBHauptbahnhof"
2020-07-14,1901,"Mobilität","oev_freq_hb","Ein-& Ausfahrten am Zürich HB","Zürich Hauptbahnhof","Anzahl","SBB","täglich","ja","https://github.com/statistikZH/covid19monitoring_mobility_SBBHauptbahnhof"
2020-07-15,1903,"Mobilität","oev_freq_hb","Ein-& Ausfahrten am Zürich HB","Zürich Hauptbahnhof","Anzahl","SBB","täglich","ja","https://github.com/statistikZH/covid19monitoring_mobility_SBBHauptbahnhof"
2020-07-16,1906,"Mobilität","oev_freq_hb","Ein-& Ausfahrten am Zürich HB","Zürich Hauptbahnhof","Anzahl","SBB","täglich","ja","https://github.com/statistikZH/covid19monitoring_mobility_SBBHauptbahnhof"
2020-07-17,1914,"Mobilität","oev_freq_hb","Ein-& Ausfahrten am Zürich HB","Zürich Hauptbahnhof","Anzahl","SBB","täglich","ja","https://github.com/statistikZH/covid19monitoring_mobility_SBBHauptbahnhof"
2020-07-18,1838,"Mobilität","oev_freq_hb","Ein-& Ausfahrten am Zürich HB","Zürich Hauptbahnhof","Anzahl","SBB","täglich","ja","https://github.com/statistikZH/covid19monitoring_mobility_SBBHauptbahnhof"
2020-07-19,1824,"Mobilität","oev_freq_hb","Ein-& Ausfahrten am Zürich HB","Zürich Hauptbahnhof","Anzahl","SBB","täglich","ja","https://github.com/statistikZH/covid19monitoring_mobility_SBBHauptbahnhof"
2020-07-20,1902,"Mobilität","oev_freq_hb","Ein-& Ausfahrten am Zürich HB","Zürich Hauptbahnhof","Anzahl","SBB","täglich","ja","https://github.com/statistikZH/covid19monitoring_mobility_SBBHauptbahnhof"
